,customer_id,customer_age,job_type,balance,housing_loan,day_of_month,month,last_contact_duration,prev_campaign_outcome,Predication
1,id_10523,46.0,9,656.0,0,5,1,990,0,1
3,id_12681,65.0,7,2880.0,0,23,3,913,0,1
12,id_10463,40.0,11,3380.0,1,20,10,702,0,1
28,id_34396,36.0,9,5116.0,1,30,4,876,0,1
50,id_42906,36.0,9,2200.0,0,12,3,924,0,1
54,id_39196,26.0,8,451.0,0,19,3,917,0,1
56,id_4355,30.0,10,352.0,1,8,3,928,3,1
65,id_27572,38.0,9,0.0,0,11,2,956,0,1
86,id_1895,33.0,9,804.0,0,19,6,826,2,1
92,id_33092,46.0,11,637.0,1,12,2,955,2,1
112,id_7289,34.0,10,2.0,0,7,6,838,3,1
122,id_751,73.0,7,-5.0,0,28,5,847,1,1
124,id_24856,26.0,10,4695.0,0,15,5,860,0,1
131,id_11444,40.0,10,758.0,0,22,1,973,1,1
132,id_34809,36.0,10,1803.0,0,20,9,733,1,1
156,id_45113,62.0,7,5267.0,0,11,1,984,0,1
162,id_25172,55.0,3,197.0,0,27,4,879,0,1
166,id_6774,35.0,9,359.0,0,6,7,808,0,1
167,id_41608,27.0,5,685.0,1,6,5,869,0,1
178,id_10346,57.0,10,2961.0,1,31,7,783,3,1
190,id_21542,42.0,7,83.0,0,21,10,701,0,1
191,id_13089,28.0,5,657.0,0,30,3,906,0,1
192,id_35322,26.0,10,1332.0,0,4,10,718,0,1
200,id_12016,37.0,10,2645.0,0,13,9,740,2,1
207,id_11949,51.0,11,303.0,0,28,6,817,2,1
218,id_6592,29.0,8,339.0,0,3,11,689,2,1
234,id_28143,35.0,10,253.0,0,24,1,971,2,1
247,id_23778,20.0,5,340.0,0,5,5,870,0,1
250,id_30565,57.0,10,319.0,0,1,8,782,2,1
269,id_32954,39.0,10,5309.0,1,25,10,697,2,1
273,id_42365,25.0,10,186.0,0,9,2,958,0,1
284,id_1213,28.0,4,5738.0,0,10,8,773,1,1
293,id_29427,74.0,7,2696.0,0,23,3,913,2,1
304,id_35641,71.0,7,4851.0,0,16,8,767,0,1
305,id_6522,28.0,9,3381.0,0,30,3,906,0,1
332,id_40597,35.0,10,615.0,0,30,3,906,0,1
342,id_10165,51.0,5,2402.0,1,2,7,812,1,1
348,id_30444,29.0,3,1.0,1,30,4,876,0,1
349,id_39845,31.0,8,813.0,0,6,0,1020,0,1
359,id_12967,40.0,3,1440.0,0,19,10,703,2,1
366,id_14164,68.0,7,2823.0,0,28,7,786,0,1
369,id_34594,33.0,4,1015.0,0,1,5,874,0,1
370,id_36745,18.0,4,89.0,0,8,8,775,0,1
377,id_13624,41.0,9,1107.0,0,20,10,702,2,1
382,id_28923,41.0,5,432.0,1,23,9,730,0,1
396,id_37673,32.0,9,2976.0,0,5,7,809,1,1
415,id_27613,37.0,1,981.0,0,29,11,663,2,1
426,id_27998,30.0,5,559.0,1,9,8,774,0,1
430,id_6688,45.0,5,367.0,0,23,1,972,2,1
454,id_21174,31.0,10,74.0,0,12,2,955,0,1
461,id_22838,58.0,3,2575.0,0,16,8,767,3,1
478,id_28604,33.0,10,492.0,0,22,4,884,0,1
503,id_31217,31.0,3,15.0,0,4,4,902,2,1
505,id_27153,55.0,10,1905.0,0,30,3,906,3,1
512,id_19505,19.0,4,215.0,0,24,4,882,2,1
520,id_28710,24.0,4,1235.0,0,30,6,815,3,1
526,id_2782,34.0,10,801.0,0,17,8,766,0,1
530,id_26187,53.0,9,-2.0,1,29,3,907,3,1
531,id_4860,31.0,4,1380.9144538914322,0,20,3,916,2,1
532,id_19290,39.0,9,200.0,0,13,4,893,2,1
538,id_37455,32.0,10,13015.0,0,12,1,983,2,1
552,id_25141,62.0,7,505.0,0,11,7,803,3,1
555,id_2566,62.0,7,1171.0,0,25,8,758,1,1
556,id_44912,59.0,7,282.0,0,7,9,746,0,1
561,id_32315,30.0,10,4214.0,1,18,4,888,0,1
582,id_43182,95.0,7,1231.0,0,3,2,964,0,1
589,id_14949,60.0,9,4198.0,0,15,9,738,1,1
594,id_33070,21.0,4,333.0,0,20,3,916,0,1
596,id_17213,51.0,5,5090.0,0,5,7,809,0,1
610,id_40310,34.0,10,1334.0,0,12,10,710,1,1
625,id_10570,31.0,10,1773.0,0,26,4,880,2,1
627,id_19913,33.0,10,2649.0,0,13,9,740,2,1
630,id_44399,26.0,9,3844.0,0,15,6,830,0,1
636,id_8384,33.0,5,204.0,0,13,10,709,0,1
637,id_21414,61.0,3,2577.0,0,4,4,902,0,1
667,id_16738,40.57547540983607,7,-5.0,0,27,8,756,0,1
668,id_15288,45.0,11,1569.0,1,21,4,885,2,1
675,id_22210,72.0,7,-2.0,0,9,8,774,0,1
685,id_24524,79.0,3,497.0,0,16,2,951,0,1
694,id_5803,51.0,10,102128.0,0,3,5,872,0,1
722,id_36167,34.0,5,59.0,0,30,3,906,0,1
764,id_623,27.0,10,587.0,0,4,5,871,0,1
787,id_33169,38.0,11,46.0,1,15,4,891,3,1
795,id_10735,20.0,4,215.0,0,8,1,987,2,1
806,id_31956,27.0,10,4458.0,0,11,2,956,0,1
808,id_43361,46.0,2,3290.0,0,24,4,882,1,1
840,id_30940,34.0,10,5356.0,0,17,1,978,0,1
852,id_12218,28.0,10,1715.0,0,14,8,769,2,1
864,id_15679,47.0,1,922.0,0,12,7,802,2,1
913,id_17933,74.0,7,1380.9144538914322,0,27,2,940,0,1
916,id_42112,72.0,7,1726.0,0,17,10,705,0,1
922,id_39858,60.0,10,5045.0,0,4,4,902,2,1
924,id_24756,46.0,11,1563.0,1,19,1,976,2,1
926,id_10445,45.0,9,15115.0,0,21,10,701,3,1
943,id_12764,75.0,7,3325.0,0,2,1,993,0,1
949,id_41421,60.0,7,3341.0,0,4,7,810,1,1
955,id_38900,39.0,10,27695.0,0,12,4,894,2,1
958,id_41893,40.57547540983607,11,184.0,1,14,4,892,2,1
993,id_23028,31.0,9,1603.0,1,8,6,837,1,1
1000,id_31862,40.57547540983607,1,1626.0,0,23,3,913,0,1
1006,id_19271,39.0,10,1380.9144538914322,1,6,4,900,2,1
1013,id_37547,57.0,11,175.0,1,12,4,894,0,1
1015,id_26607,26.0,8,331.0,0,15,6,830,0,1
1019,id_10767,40.0,9,698.0,0,24,5,851,3,1
1043,id_43803,33.0,1,417.0,0,4,4,902,2,1
1044,id_7903,28.0,4,11553.0,0,8,3,928,0,1
1056,id_39278,86.0,7,81208.0,0,1,3,935,2,1
1057,id_28634,32.0,11,135.0,0,16,10,706,2,1
1090,id_16500,48.0,5,372.0,0,20,7,794,3,1
1112,id_9472,49.0,5,198.0,1,23,6,822,2,1
1114,id_31705,41.0,10,487.0,0,6,2,961,2,1
1115,id_32263,38.0,9,4599.0,1,16,3,920,0,1
1119,id_35737,33.0,10,120.0,1,13,4,893,0,1
1121,id_42460,45.0,9,291.0,0,1,5,874,2,1
1148,id_39338,24.0,8,194.0,1,25,1,970,0,1
1159,id_1925,23.0,1,572.0,0,4,5,871,0,1
1191,id_41790,62.0,10,2356.0,0,8,10,714,2,1
1247,id_19941,50.0,10,195.0,0,30,3,906,1,1
1269,id_42788,38.0,1,80.0,0,15,9,738,1,1
1271,id_218,43.0,10,26.0,1,26,2,941,0,1
1296,id_1562,58.0,5,3563.0,0,2,6,843,0,1
1298,id_27,75.0,7,3412.0,0,12,4,894,2,1
1310,id_17244,31.0,10,532.0,0,11,1,984,2,1
1313,id_18849,47.0,3,38.0,0,27,4,879,2,1
1324,id_31807,33.0,10,311.0,0,25,0,1001,2,1
1332,id_33733,50.0,11,956.0,0,17,5,858,2,1
1359,id_39541,58.0,10,873.0,0,14,4,892,2,1
1366,id_34749,33.0,10,2158.0,0,18,1,977,0,1
1376,id_28055,40.0,10,1310.0,0,3,1,992,0,1
1381,id_41833,60.0,10,253.0,1,29,9,724,0,1
1384,id_23546,40.57547540983607,8,8.0,0,15,11,677,2,1
1395,id_18261,26.0,4,5169.0,1,3,8,780,2,1
1416,id_41984,43.0,1,1617.0,0,3,1,992,0,1
1417,id_34158,30.0,10,1629.0,0,8,8,775,2,1
1436,id_44555,62.0,9,6383.0,0,16,9,737,0,1
1463,id_25018,32.0,11,1380.9144538914322,0,5,5,870,0,1
1479,id_15625,32.0,10,142.0,1,4,4,902,2,1
1480,id_32358,44.0,9,1826.0,0,2,6,843,1,1
1488,id_21993,27.0,4,145.0,0,14,7,800,0,1
1511,id_20667,43.0,10,2987.0,0,4,5,871,1,1
1512,id_18928,33.0,10,0.0,1,30,3,906,3,1
1529,id_7828,25.0,9,338.0,0,19,9,734,0,1
1542,id_39385,30.0,4,1539.0,0,9,1,986,2,1
1548,id_3149,29.0,8,1936.0,0,29,8,754,0,1
1562,id_15877,36.0,11,1380.9144538914322,0,15,8,768,2,1
1574,id_8074,45.0,10,1785.0,0,5,7,809,0,1
1583,id_19172,38.0,10,489.0,1,17,8,766,1,1
1591,id_38698,58.0,10,2240.0,0,20,7,794,2,1
1599,id_19878,36.0,11,320.0,1,16,6,829,0,1
1631,id_7913,35.0,10,1777.0,0,12,1,983,0,1
1642,id_35230,60.0,7,3114.0,0,18,4,888,2,1
1643,id_38538,33.0,10,4735.0,0,30,3,906,0,1
1664,id_42117,71.0,7,423.0,0,9,2,958,2,1
1672,id_6475,22.0,9,1299.0,0,2,8,781,3,1
1679,id_17538,33.0,10,1380.9144538914322,1,4,4,902,1,1
1690,id_7420,64.0,7,3379.0,0,23,3,913,0,1
1729,id_44153,34.0,10,393.0,1,30,3,906,0,1
1732,id_38240,30.0,10,909.0,0,12,1,983,0,1
1736,id_37614,28.0,11,1.0,0,23,11,669,2,1
1745,id_10591,29.0,9,2545.0,0,8,3,928,0,1
1751,id_43544,44.0,10,1256.0,0,20,9,733,0,1
1794,id_4963,31.0,4,2761.0,0,21,10,701,0,1
1808,id_11685,40.57547540983607,11,-2.0,0,30,6,815,0,1
1821,id_26887,48.0,10,435.0,0,4,5,871,0,1
1822,id_30956,31.0,10,2385.0,0,4,5,871,0,1
1828,id_31376,37.0,1,1291.0,0,5,7,809,2,1
1830,id_39483,37.0,11,865.0,0,6,0,1020,0,1
1849,id_12626,32.0,1,1009.0,1,10,10,712,1,1
1867,id_20828,44.0,9,752.0,0,10,1,985,0,1
1868,id_29844,27.0,3,449.0,0,13,7,801,0,1
1910,id_25576,28.0,5,1099.0,0,15,0,1011,3,1
1919,id_25310,68.0,7,2535.0,0,14,8,769,2,1
1928,id_26944,43.0,8,521.0,0,1,8,782,3,1
1930,id_34599,38.0,9,384.0,0,29,8,754,0,1
1944,id_36506,23.0,4,618.0,0,22,4,884,2,1
1952,id_32924,64.0,7,5869.0,0,3,10,719,0,1
1957,id_1212,33.0,10,577.0,0,9,2,958,0,1
1977,id_43395,71.0,3,164.0,0,2,3,934,0,1
1985,id_14428,57.0,1,7465.0,0,22,1,973,1,1
1994,id_25524,36.0,5,301.0,0,24,8,759,3,1
2001,id_22162,45.0,5,3.0,1,5,2,962,0,1
2002,id_44511,45.0,5,167.0,1,14,6,831,0,1
2013,id_11094,37.0,10,2458.0,1,4,4,902,1,1
2021,id_7036,29.0,5,258.0,0,4,5,871,1,1
2032,id_25695,40.57547540983607,10,545.0,0,29,11,663,2,1
2036,id_27646,61.0,7,3439.0,0,10,7,804,2,1
2037,id_2146,54.0,9,3859.0,0,27,2,940,0,1
2050,id_21505,60.0,10,8329.0,0,18,5,857,3,1
2097,id_26349,67.0,7,3408.0,0,15,1,980,0,1
2103,id_15410,43.0,11,0.0,0,30,6,815,0,1
2124,id_25077,39.0,4,595.0,1,18,8,765,2,1
2125,id_42476,24.0,10,4686.0,1,5,10,717,0,1
2132,id_28707,57.0,9,1940.0,0,26,1,969,2,1
2133,id_40004,32.0,10,148.0,0,13,8,770,2,1
2135,id_17047,70.0,7,87.0,0,9,11,683,0,1
2139,id_43870,80.0,7,90.0,0,27,9,726,0,1
2166,id_26720,73.0,7,1289.0,0,2,10,720,1,1
2182,id_40020,37.0,10,601.0,0,2,1,993,0,1
2217,id_21286,34.0,2,2424.0,0,12,6,833,3,1
2232,id_28516,39.0,5,1763.0,1,9,6,836,2,1
2233,id_5053,26.0,8,1074.0,0,21,6,824,0,1
2242,id_36273,42.0,8,0.0,1,2,5,873,1,1
2251,id_27966,33.0,2,5466.0,0,30,3,906,0,1
2254,id_18346,33.0,5,132.0,1,21,11,671,2,1
2255,id_11369,37.0,10,131.0,0,4,1,991,0,1
2256,id_36073,26.0,10,387.0,0,9,1,986,1,1
2274,id_4304,44.0,11,442.0,1,7,4,899,0,1
2287,id_42262,40.57547540983607,10,224.0,0,5,3,931,0,1
2306,id_32997,78.0,7,2635.0,0,28,7,786,0,1
2307,id_20589,78.0,7,7800.0,0,4,4,902,2,1
2317,id_18845,36.0,2,188.0,0,16,1,979,0,1
2327,id_22712,55.0,7,172.0,0,21,6,824,0,1
2329,id_1505,47.0,10,2346.0,0,10,2,957,0,1
2339,id_5018,52.0,7,3952.0,0,2,5,873,0,1
2352,id_23470,43.0,11,806.0,1,4,4,902,0,1
2365,id_7475,32.0,10,1385.0,1,30,3,906,0,1
2370,id_11894,37.0,9,431.0,1,6,6,839,1,1
2371,id_4960,31.0,9,656.0,0,26,3,910,2,1
2390,id_34926,34.0,9,152.0,0,18,2,949,0,1
2410,id_21051,34.0,10,871.0,1,20,10,702,2,1
2420,id_12953,37.0,10,335.0,0,10,9,743,1,1
2421,id_38317,37.0,9,495.0,0,14,3,922,0,1
2438,id_42638,41.0,10,-1.0,1,25,7,789,2,1
2450,id_23455,41.0,9,65.0,1,7,6,838,1,1
2451,id_563,62.0,10,266.0,0,21,9,732,2,1
2468,id_14628,29.0,11,2809.0,0,15,9,738,3,1
2478,id_9094,34.0,9,699.0,0,20,3,916,0,1
2487,id_41452,54.0,10,7010.0,0,11,2,956,0,1
2492,id_26367,77.0,7,683.0,0,24,1,971,1,1
2495,id_41397,32.0,5,6.0,1,18,2,949,0,1
2499,id_20445,38.0,10,709.0,1,27,1,968,1,1
2523,id_12484,20.0,5,34.0,0,12,1,983,0,1
2531,id_26200,21.0,4,478.0,0,11,7,803,0,1
2542,id_38926,58.0,2,6237.0,1,8,4,898,1,1
2549,id_2018,34.0,7,528.0,0,2,6,843,0,1
2552,id_39680,40.57547540983607,9,5114.0,1,2,5,873,2,1
2561,id_31022,31.0,10,355.0,0,30,3,906,2,1
2562,id_15868,73.0,7,1465.0,0,27,1,968,0,1
2573,id_34975,25.0,11,569.0,0,11,6,834,0,1
2587,id_37259,38.0,11,484.0,1,5,4,901,0,1
2596,id_926,55.0,7,3739.0,1,19,3,917,2,1
2602,id_20879,31.0,2,7471.0,1,30,3,906,0,1
2604,id_23375,71.0,7,1307.0,0,15,9,738,0,1
2608,id_19207,32.0,10,418.0,0,29,8,754,1,1
2632,id_7314,39.0,10,416.0,0,23,9,730,0,1
2634,id_21167,35.0,9,4399.0,0,30,3,906,0,1
2645,id_22942,21.0,8,2269.0,0,2,6,843,0,1
2651,id_11877,69.0,7,453.0,0,5,2,962,0,1
2670,id_20942,53.0,10,1028.0,0,5,7,809,0,1
2676,id_24277,22.0,8,486.0,0,29,5,846,2,1
2687,id_24939,84.0,7,4765.0,0,9,8,774,1,1
2697,id_24574,23.0,4,122.0,0,12,1,983,2,1
2700,id_21492,46.0,10,1947.0,0,4,8,779,0,1
2727,id_43918,24.0,9,3842.0,0,18,9,735,1,1
2731,id_8323,20.0,4,62.0,0,14,7,800,0,1
2740,id_38273,80.0,7,1208.0,0,17,10,705,0,1
2743,id_18266,46.0,5,5017.0,0,15,6,830,2,1
2744,id_2410,53.0,7,1779.0,0,14,7,800,1,1
2753,id_5882,42.0,2,10341.0,0,15,5,860,3,1
2755,id_3880,53.0,10,331.0,0,22,3,914,0,1
2759,id_19033,35.0,10,2161.0,0,9,2,958,2,1
2772,id_42087,66.0,3,1230.0,0,16,5,859,2,1
2777,id_41051,36.0,9,193.0,0,1,9,752,2,1
2782,id_20963,29.0,10,385.0,0,29,8,754,2,1
2813,id_27832,27.0,9,980.0,1,19,1,976,0,1
2823,id_38872,32.0,5,4038.0,0,7,7,807,2,1
2854,id_25292,49.0,5,24.0,0,13,7,801,0,1
2868,id_8201,36.0,8,616.0,0,30,3,906,0,1
2887,id_9610,31.0,10,1614.0,0,17,2,950,2,1
2910,id_22228,56.0,11,1662.0,0,12,7,802,0,1
2912,id_44164,36.0,5,72.0,0,4,7,810,2,1
2915,id_38700,30.0,10,510.0,0,1,5,874,0,1
2919,id_39732,30.0,11,357.0,1,2,5,873,0,1
2937,id_42620,38.0,5,-5.0,0,23,9,730,0,1
2940,id_1046,41.0,5,602.0,1,15,4,891,0,1
2942,id_15139,79.0,7,516.0,0,9,8,774,0,1
2943,id_4824,58.0,7,2121.0,0,9,3,927,0,1
3004,id_19285,49.0,5,1160.0,0,3,6,842,0,1
3006,id_26175,69.0,7,1164.0,0,10,10,712,0,1
3020,id_5047,56.0,11,5519.0,1,7,3,929,0,1
3022,id_23267,66.0,10,588.0,0,15,3,921,0,1
3029,id_20907,28.0,9,2547.0,0,12,0,1014,2,1
3038,id_30477,34.0,8,4013.0,0,16,9,737,0,1
3046,id_19993,69.0,7,3806.0,0,21,9,732,0,1
3050,id_26632,45.0,8,1636.0,0,12,0,1014,0,1
3051,id_8704,54.0,10,1314.0,0,14,3,922,0,1
3061,id_38415,47.0,9,3651.0,0,12,7,802,0,1
3068,id_19546,60.0,7,1.0,0,19,1,976,2,1
3074,id_35176,31.0,10,2565.0,0,29,11,663,0,1
3083,id_34505,51.0,11,3074.0,0,5,3,931,0,1
3098,id_36596,35.0,10,930.0,0,14,3,922,0,1
3127,id_13350,80.0,7,1019.0,0,26,1,969,0,1
3148,id_15217,57.0,11,6763.0,0,28,7,786,0,1
3169,id_42875,63.0,7,88.0,0,25,0,1001,2,1
3218,id_43179,81.0,7,4735.0,0,9,6,836,0,1
3224,id_34882,80.0,7,1608.0,0,12,7,802,0,1
3227,id_34006,37.0,6,3404.0,0,9,5,866,2,1
3240,id_37385,80.0,7,281.0,0,16,1,979,0,1
3242,id_18146,40.0,5,6045.0,1,14,8,769,0,1
3263,id_22799,57.0,5,1873.0,0,27,4,879,2,1
3266,id_11352,29.0,9,936.0,0,3,10,719,0,1
3274,id_13523,36.0,9,117.0,0,27,2,940,0,1
3278,id_39994,59.0,7,2805.0,1,10,2,957,0,1
3290,id_44934,37.0,10,2462.0,0,15,5,860,3,1
3293,id_29996,35.0,10,3141.0,0,4,4,902,0,1
3298,id_19284,40.57547540983607,3,1410.0,0,19,9,734,2,1
3306,id_5370,60.0,7,14.0,0,29,8,754,2,1
3310,id_41519,38.0,10,439.0,0,13,3,923,1,1
3322,id_44810,63.0,7,2717.0,0,25,0,1001,0,1
3345,id_30133,34.0,10,1952.0,1,10,8,773,0,1
3358,id_11469,74.0,7,2226.0,0,10,7,804,2,1
3368,id_19875,44.0,8,4345.0,1,20,8,763,0,1
3369,id_9115,33.0,8,1028.0,0,2,6,843,0,1
3384,id_28913,35.0,5,2374.0,1,9,10,713,1,1
3402,id_158,66.0,7,471.0,0,20,3,916,0,1
3404,id_3802,48.0,10,1147.0,0,27,1,968,0,1
3408,id_32388,62.0,5,1050.0,1,21,7,793,0,1
3416,id_19974,20.0,4,440.0,0,1,8,782,0,1
3417,id_10182,59.0,10,253.0,1,20,3,916,2,1
3451,id_27007,42.0,8,3990.0,1,20,10,702,0,1
3468,id_22940,35.0,11,3.0,1,13,4,893,0,1
3471,id_8979,36.0,11,130.0,1,16,10,706,2,1
3496,id_42089,44.0,10,11012.0,0,28,6,817,2,1
3505,id_19629,60.0,3,192.0,0,5,4,901,0,1
3511,id_16311,75.0,7,916.0,0,17,3,919,0,1
3528,id_25649,74.0,7,2591.0,0,13,10,709,1,1
3535,id_35337,56.0,7,1949.0,0,3,8,780,2,1
3543,id_25322,48.0,8,4.0,0,30,3,906,3,1
3553,id_9731,30.0,5,899.0,0,17,2,950,2,1
3564,id_28448,26.0,10,346.0,0,16,8,767,0,1
3590,id_20980,36.0,10,154.0,0,9,5,866,2,1
3591,id_35104,53.0,5,725.0,1,11,4,895,2,1
3596,id_42410,24.0,4,427.0,0,15,1,980,2,1
3597,id_6179,35.0,5,5008.0,1,8,9,745,1,1
3610,id_26190,69.0,7,946.0,0,7,3,929,0,1
3639,id_42924,26.0,8,52.0,1,28,4,878,0,1
3665,id_1259,61.0,7,5192.0,0,16,2,951,3,1
3674,id_9657,24.0,11,531.0,0,16,7,798,2,1
3707,id_8235,27.0,11,2007.0,0,12,0,1014,0,1
3722,id_41703,72.0,7,2076.0,0,13,7,801,3,1
3734,id_40560,28.0,5,215.0,0,4,6,841,0,1
3746,id_40182,59.0,10,6900.0,0,23,9,730,1,1
3756,id_34007,37.0,9,187.0,0,1,8,782,1,1
3760,id_24778,31.0,5,459.0,1,18,4,888,2,1
3763,id_8562,41.0,10,4676.0,0,9,8,774,0,1
3766,id_295,30.0,10,638.0,0,22,9,731,0,1
3772,id_3484,69.0,7,486.0,0,14,6,831,2,1
3812,id_2513,54.0,7,225.0,0,8,8,775,1,1
3817,id_14856,41.0,2,1617.0,0,28,0,998,2,1
3828,id_31574,25.0,5,1868.0,0,4,5,871,0,1
3844,id_31298,28.0,9,1162.0,0,3,11,689,2,1
3849,id_17497,54.0,9,28.0,1,2,2,965,0,1
3853,id_15375,46.0,5,3.0,0,29,9,724,0,1
3859,id_19962,44.0,10,5041.0,0,16,6,829,2,1
3865,id_22679,60.0,9,263.0,0,15,5,860,2,1
3867,id_22642,50.0,5,6574.0,0,8,8,775,2,1
3869,id_28537,26.0,10,646.0,0,5,2,962,0,1
3871,id_23464,39.0,9,1011.0,1,12,10,710,0,1
3876,id_14229,35.0,9,6276.0,1,1,6,844,2,1
3890,id_42326,44.0,11,59.0,0,17,3,919,0,1
3898,id_15784,38.0,10,5958.0,1,22,8,761,2,1
3910,id_44232,25.0,4,3690.0,0,8,3,928,0,1
3922,id_27675,37.0,1,7969.0,0,2,2,965,2,1
3940,id_15164,45.0,11,5156.0,1,14,4,892,0,1
3974,id_1161,27.0,10,-2.0,1,28,6,817,0,1
3980,id_12193,40.57547540983607,7,929.0,0,23,8,760,3,1
3987,id_39958,37.0,10,2761.0,1,2,6,843,2,1
3993,id_8724,60.0,9,-1.0,0,5,7,809,0,1
4000,id_29259,21.0,10,2844.0,0,30,3,906,0,1
4014,id_39301,67.0,10,1049.0,1,23,5,852,0,1
4023,id_6202,56.0,10,833.0,1,2,6,843,3,1
4029,id_20188,25.0,10,172.0,0,5,5,870,2,1
4031,id_42641,74.0,7,6023.0,0,14,4,892,2,1
4033,id_8538,30.0,3,16.0,0,5,1,990,2,1
4047,id_39086,63.0,7,1482.0,0,14,4,892,3,1
4062,id_35507,29.0,8,592.0,1,30,4,876,0,1
4064,id_31788,33.0,9,492.0,0,8,9,745,2,1
4073,id_28519,68.0,7,2538.0,0,14,5,861,3,1
4077,id_25113,35.0,9,179.0,0,5,7,809,0,1
4092,id_7846,25.0,4,360.0,0,14,5,861,3,1
4098,id_39914,29.0,10,1273.0,0,3,8,780,2,1
4101,id_7404,22.0,9,1300.0,0,1,8,782,0,1
4106,id_41010,32.0,1,2619.0,0,21,4,885,3,1
4107,id_25328,46.0,11,1136.0,1,4,4,902,0,1
4109,id_42907,39.0,8,1547.0,1,12,4,894,2,1
4118,id_17874,46.0,10,1145.0,0,3,11,689,2,1
4129,id_2173,28.0,10,227.0,0,30,3,906,0,1
4161,id_6869,46.0,5,3679.0,0,18,9,735,2,1
4172,id_33262,63.0,7,1994.0,0,2,10,720,0,1
4174,id_32824,31.0,8,1133.0,1,26,4,880,2,1
4180,id_12310,43.0,5,479.0,1,27,1,968,0,1
4182,id_41074,18.0,4,58.0,0,12,7,802,0,1
4196,id_34172,34.0,10,924.0,0,14,11,678,2,1
4198,id_4278,24.0,4,1301.0,0,14,6,831,0,1
4203,id_1459,34.0,10,1159.0,1,7,6,838,1,1
4205,id_33918,45.0,3,48.0,0,3,7,811,1,1
4214,id_2515,72.0,7,505.0,0,14,5,861,2,1
4228,id_12552,38.0,10,1730.0,0,19,2,948,0,1
4229,id_36967,91.0,7,713.0,0,3,2,964,0,1
4240,id_35349,42.0,11,1531.0,1,13,10,709,2,1
4255,id_32282,27.0,10,614.0,1,7,9,746,2,1
4265,id_31985,32.0,2,2667.0,0,8,6,837,3,1
4278,id_10016,22.0,8,356.0,0,1,8,782,1,1
4284,id_34346,55.0,10,476.0,0,18,1,977,2,1
4285,id_23224,58.0,7,936.0,0,15,9,738,2,1
4291,id_17662,26.0,11,308.0,1,7,4,899,0,1
4301,id_21006,66.0,5,952.0,0,6,8,777,2,1
4309,id_2081,30.0,9,942.0,0,4,4,902,0,1
4311,id_33324,29.0,5,4768.0,0,21,10,701,0,1
4318,id_23061,39.0,10,233.0,0,4,4,902,2,1
4324,id_20880,27.0,5,4456.0,1,21,10,701,0,1
4369,id_12654,62.0,9,1473.0,1,13,1,982,0,1
4390,id_17040,40.0,10,-1.0,0,24,8,759,1,1
4403,id_30430,41.0,9,112.0,0,24,7,790,2,1
4409,id_647,36.0,8,1444.0,0,22,3,914,0,1
4412,id_28483,37.0,5,1104.0,0,21,3,915,0,1
4414,id_44128,44.0,11,3.0,0,5,7,809,2,1
4417,id_38389,31.0,2,801.0,0,1,6,844,2,1
4421,id_28119,64.0,7,2552.0,1,10,10,712,2,1
4424,id_16863,37.0,10,431.0,1,11,4,895,2,1
4427,id_32619,51.0,10,1003.0,0,22,11,670,0,1
4429,id_35506,42.0,10,3662.0,0,17,2,950,0,1
4437,id_19907,65.0,7,2034.0,0,13,10,709,0,1
4443,id_8325,35.0,10,1775.0,0,4,10,718,1,1
4447,id_39405,68.0,7,1380.9144538914322,0,9,8,774,0,1
4455,id_22087,69.0,7,714.0,0,9,8,774,0,1
4457,id_31818,35.0,2,3471.0,0,9,5,866,0,1
4509,id_413,29.0,11,699.0,0,13,10,709,0,1
4525,id_18793,26.0,9,0.0,0,15,6,830,0,1
4532,id_18417,49.0,5,-5.0,0,29,5,846,1,1
4534,id_39829,49.0,11,2322.0,1,7,3,929,0,1
4550,id_11298,33.0,10,367.0,1,6,4,900,0,1
4559,id_38346,54.0,5,2396.0,1,3,10,719,0,1
4567,id_42404,34.0,11,318.0,0,4,4,902,2,1
4568,id_15711,70.0,7,2812.0,0,4,7,810,2,1
4574,id_24195,25.0,10,1271.0,1,9,2,958,0,1
4581,id_21443,51.0,9,310.0,0,9,11,683,0,1
4612,id_13880,67.0,7,3.0,0,5,7,809,0,1
4616,id_28251,66.0,7,313.0,0,17,1,978,0,1
4621,id_18846,55.0,9,-4.0,0,14,7,800,2,1
4622,id_22719,59.0,7,198.0,0,7,9,746,0,1
4623,id_31936,39.0,9,5114.0,1,27,1,968,2,1
4625,id_20792,71.0,7,363.0,0,12,1,983,0,1
4640,id_10549,40.0,5,-2.0,1,8,8,775,2,1
4658,id_45097,29.0,10,1803.0,0,30,3,906,0,1
4662,id_19464,34.0,9,1274.0,1,21,9,732,2,1
4664,id_42063,72.0,7,5032.0,0,4,11,688,0,1
4673,id_17656,38.0,10,495.0,0,5,7,809,2,1
4685,id_4135,20.0,5,379.0,0,5,5,870,0,1
4692,id_13221,36.0,9,1607.0,1,30,4,876,0,1
4730,id_27611,24.0,4,10090.0,0,21,3,915,0,1
4739,id_31836,42.0,11,1013.0,1,19,10,703,3,1
4749,id_42319,25.0,5,3412.0,0,9,9,744,2,1
4754,id_7535,32.0,8,461.0,1,18,6,827,0,1
4784,id_8254,31.0,10,1380.9144538914322,1,29,3,907,0,1
4799,id_17069,44.0,9,3236.0,0,12,7,802,0,1
4807,id_34401,42.0,10,11889.0,0,4,11,688,2,1
4816,id_10410,50.0,1,605.0,0,30,6,815,0,1
4817,id_44288,62.0,9,293.0,0,18,11,674,2,1
4822,id_32736,50.0,10,933.0,0,30,3,906,0,1
4824,id_18156,37.0,11,175.0,1,10,7,804,2,1
4847,id_11520,49.0,9,3518.0,0,28,11,664,1,1
4851,id_12302,34.0,10,702.0,0,21,3,915,0,1
4854,id_31864,71.0,7,800.0,0,23,3,913,2,1
4857,id_22489,30.0,2,1672.0,1,12,2,955,1,1
4877,id_1754,59.0,9,332.0,0,5,7,809,0,1
4880,id_29407,29.0,9,764.0,0,30,3,906,0,1
4893,id_43298,32.0,1,330.0,0,13,6,832,2,1
4915,id_3482,36.0,1,418.0,0,4,7,810,2,1
4917,id_29058,41.0,5,1380.9144538914322,0,22,1,973,0,1
4930,id_26355,69.0,7,2.0,0,7,7,807,0,1
4946,id_28294,82.0,7,6240.0,0,12,9,741,1,1
4963,id_29269,25.0,11,-350.0,1,23,5,852,0,1
4982,id_21896,43.0,10,1380.9144538914322,0,3,5,872,0,1
4985,id_36100,34.0,11,370.0,0,17,3,919,0,1
4991,id_29136,55.0,7,1046.0,0,11,0,1015,2,1
4996,id_14580,27.0,5,254.0,0,12,1,983,2,1
5008,id_34729,58.0,2,4162.0,0,10,10,712,0,1
5032,id_7387,30.0,0,1291.0,0,3,1,992,0,1
5045,id_9715,43.0,2,-4.0,1,30,9,723,0,1
5052,id_18568,32.0,1,976.0,0,24,2,943,0,1
5056,id_897,28.0,11,1645.0,0,5,5,870,0,1
5059,id_11640,31.0,10,921.0,0,27,1,968,0,1
5060,id_19558,30.0,9,391.0,0,29,3,907,0,1
5062,id_35546,29.0,11,130.0,1,16,4,890,0,1
5064,id_30886,26.0,9,-2.0,1,27,0,999,2,1
5070,id_26073,61.0,7,942.0,0,15,6,830,2,1
5072,id_30951,45.0,8,778.0,0,25,2,942,2,1
5082,id_21979,28.0,9,827.0,1,9,1,986,0,1
5089,id_5004,62.0,7,5269.0,0,4,8,779,0,1
5092,id_32705,38.0,9,101.0,0,13,7,801,1,1
5102,id_38502,40.0,10,1277.0,0,17,4,889,2,1
5121,id_28557,57.0,7,9.0,0,29,5,846,1,1
5124,id_2182,40.0,10,533.0,1,22,9,731,2,1
5129,id_2015,50.0,10,1705.0,0,6,8,777,1,1
5136,id_31381,85.0,7,4218.0,0,12,9,741,0,1
5138,id_29388,27.0,10,554.0,1,17,8,766,1,1
5142,id_8660,30.0,10,384.0,0,26,4,880,3,1
5147,id_6017,36.0,5,-3.0,1,3,7,811,1,1
5159,id_32908,32.0,2,1380.9144538914322,1,30,3,906,3,1
5167,id_9835,36.0,8,2677.0,0,28,8,755,2,1
5191,id_6438,37.0,10,599.0,1,5,4,901,0,1
5194,id_38178,33.0,10,751.0,0,31,7,783,1,1
5199,id_40023,40.0,11,409.0,1,12,7,802,2,1
5202,id_41406,64.0,7,1494.0,0,13,9,740,2,1
5204,id_26124,36.0,10,516.0,1,17,3,919,2,1
5210,id_37570,54.0,10,112.0,0,19,9,734,1,1
5212,id_14416,33.0,5,301.0,0,21,11,671,2,1
5236,id_3549,45.0,10,37.0,0,26,9,727,1,1
5246,id_33342,26.0,8,97.0,0,12,6,833,1,1
5251,id_11271,59.0,10,10583.0,0,28,8,755,2,1
5256,id_11260,81.0,7,667.0,0,8,6,837,2,1
5275,id_14218,24.0,4,967.0,0,21,7,793,3,1
5298,id_18355,62.0,7,1574.0,0,29,6,816,0,1
5319,id_18114,42.0,11,2911.0,0,4,11,688,2,1
5320,id_22421,42.0,8,466.0,1,13,4,893,2,1
5322,id_44241,27.0,2,164.0,0,12,10,710,2,1
5339,id_6359,33.0,10,226.0,0,23,5,852,2,1
5343,id_31709,42.0,10,11888.0,0,6,3,930,0,1
5345,id_35254,51.0,1,93.0,0,10,7,804,2,1
5348,id_17628,41.0,3,2986.0,0,30,3,906,0,1
5362,id_66,33.0,10,931.0,0,10,7,804,1,1
5366,id_19323,33.0,10,877.0,0,21,10,701,2,1
5379,id_41559,53.0,5,868.0,1,27,9,726,1,1
5387,id_9982,61.0,1,585.0,0,8,2,959,0,1
5390,id_5474,31.0,10,2130.0,0,10,10,712,0,1
5393,id_32547,59.0,10,176.0,0,4,1,991,2,1
5419,id_32785,58.0,6,499.0,0,22,9,731,2,1
5443,id_6929,47.0,0,1818.0,0,2,8,781,1,1
5444,id_34348,30.0,5,405.0,0,25,9,728,2,1
5473,id_6583,31.0,9,3190.0,1,5,2,962,0,1
5477,id_13479,53.0,7,1680.0,0,12,7,802,3,1
5508,id_24666,74.0,7,4.0,0,29,9,724,0,1
5516,id_37130,24.0,5,3530.0,0,5,2,962,1,1
5536,id_18843,23.0,2,1177.0,0,17,7,797,1,1
5537,id_25406,49.0,9,0.0,0,11,10,711,0,1
5545,id_16400,37.0,10,3.0,0,6,7,808,0,1
5571,id_40190,43.0,11,6085.0,1,14,4,892,0,1
5583,id_24753,73.0,7,104.0,0,14,3,922,0,1
5611,id_31930,47.0,9,901.0,0,12,7,802,2,1
5620,id_19979,18.0,4,1680.0,0,16,3,920,0,1
5624,id_32647,44.0,11,1261.0,1,11,4,895,2,1
5633,id_44091,30.0,8,76.0,0,22,3,914,0,1
5660,id_25855,34.0,10,955.0,1,30,3,906,0,1
5666,id_44266,48.0,9,3437.0,0,8,5,867,2,1
5671,id_41004,32.0,11,979.0,1,16,6,829,0,1
5691,id_36734,40.57547540983607,10,1808.0,0,30,3,906,0,1
5692,id_32522,50.0,0,735.0,0,27,9,726,0,1
5702,id_5797,62.0,7,1060.0,0,27,9,726,2,1
5704,id_31669,59.0,7,4247.0,0,30,9,723,0,1
5716,id_12628,69.0,7,6852.0,0,5,2,962,1,1
5720,id_4062,67.0,7,2026.0,0,15,2,952,0,1
5724,id_39831,32.0,11,1604.0,0,7,3,929,1,1
5725,id_20493,36.0,5,2057.0,1,7,9,746,2,1
5735,id_2257,40.57547540983607,10,5340.0,0,30,3,906,0,1
5736,id_16746,26.0,11,396.0,1,13,4,893,0,1
5740,id_43110,30.0,9,987.0,0,9,3,927,0,1
5741,id_3729,66.0,7,2030.0,0,14,8,769,2,1
5760,id_7747,58.0,8,934.0,0,26,1,969,1,1
5775,id_37705,32.0,10,1326.0,0,30,3,906,2,1
5795,id_23034,49.0,9,556.0,1,11,9,742,0,1
5797,id_43903,45.0,10,2062.0,1,13,7,801,2,1
5825,id_25687,72.0,7,1717.0,0,17,1,978,0,1
5826,id_9047,49.0,10,1611.0,0,15,5,860,3,1
5828,id_99,51.0,10,753.0,0,29,6,816,3,1
5829,id_8557,29.0,11,5000.0,1,20,4,886,0,1
5830,id_24654,66.0,7,203.0,0,9,1,986,0,1
5836,id_2118,81.0,7,101.0,0,1,8,782,0,1
5842,id_8953,32.0,10,699.0,0,28,3,908,2,1
5845,id_10704,31.0,11,458.0,1,7,4,899,0,1
5853,id_29291,61.0,9,116.0,0,11,7,803,2,1
5864,id_223,63.0,10,5249.0,0,14,3,922,0,1
5873,id_39517,58.0,5,2810.0,1,11,8,772,0,1
5894,id_43330,46.0,2,10.0,0,13,9,740,0,1
5901,id_40474,57.0,11,7.0,0,29,9,724,0,1
5917,id_21245,37.0,6,2973.0,0,7,7,807,2,1
5928,id_40049,62.0,7,1380.9144538914322,0,17,1,978,0,1
5945,id_2064,36.0,1,267.0,1,27,4,879,3,1
5970,id_22863,41.0,11,231.0,1,17,3,919,3,1
5979,id_3145,34.0,11,8.0,0,20,10,702,0,1
5993,id_30513,53.0,10,467.0,0,15,3,921,2,1
5994,id_14016,30.0,9,850.0,0,29,9,724,1,1
6006,id_9355,27.0,1,226.0,0,26,4,880,0,1
6010,id_37067,32.0,8,181.0,0,13,10,709,2,1
6025,id_1284,33.0,10,495.0,0,11,8,772,2,1
6036,id_29061,80.0,7,332.0,0,6,9,747,3,1
6040,id_41901,29.0,11,3416.0,1,15,4,891,0,1
6054,id_15720,29.0,10,722.0,1,29,11,663,2,1
6058,id_18622,32.0,3,-2.0,1,30,9,723,0,1
6078,id_17378,32.0,4,1776.0,0,15,5,860,3,1
6084,id_35755,48.0,11,241.0,1,2,5,873,2,1
6102,id_39255,55.0,8,309.0,0,25,2,942,0,1
6105,id_1271,56.0,7,-159.0,1,5,1,990,3,1
6107,id_28018,33.0,8,443.0,0,4,5,871,2,1
6112,id_8275,24.0,4,3178.0,0,13,0,1013,0,1
6132,id_18630,23.0,2,1179.0,0,10,1,985,0,1
6135,id_27312,26.0,4,3412.0,0,27,3,909,0,1
6136,id_12001,59.0,7,2064.0,0,26,2,941,3,1
6157,id_24751,48.0,1,375.0,0,22,4,884,1,1
6160,id_18945,33.0,9,961.0,0,8,9,745,1,1
6182,id_29902,31.0,5,1257.0,0,3,5,872,0,1
6186,id_25555,29.0,5,1228.0,0,11,9,742,2,1
6201,id_32198,50.0,3,3571.0,0,24,11,668,1,1
6219,id_5987,28.0,8,804.0,0,30,3,906,0,1
6229,id_1904,54.0,7,1844.0,0,18,11,674,2,1
6230,id_35596,51.0,5,1231.0,1,8,1,987,2,1
6263,id_35191,39.0,10,32.0,1,12,2,955,0,1
6284,id_18726,58.0,7,1230.0,0,22,1,973,0,1
6295,id_39174,34.0,5,661.0,1,4,4,902,1,1
6302,id_1530,29.0,8,-423.0,1,21,4,885,0,1
6307,id_26147,32.0,10,1750.0,1,22,9,731,2,1
6313,id_28149,42.0,6,262.0,1,26,9,727,0,1
6315,id_21920,24.0,10,2782.0,0,15,5,860,2,1
6329,id_14161,38.0,10,3356.0,0,1,5,874,0,1
6353,id_3157,41.0,11,592.0,1,20,3,916,0,1
6364,id_10878,26.0,9,748.0,0,15,3,921,0,1
6367,id_12106,84.0,3,2141.0,0,6,8,777,3,1
6386,id_30025,22.0,4,379.0,0,23,1,972,3,1
6395,id_13149,48.0,10,2039.0,0,5,9,748,0,1
6397,id_20458,35.0,10,431.0,1,13,7,801,0,1
6398,id_18876,34.0,10,70.0,0,6,7,808,0,1
6401,id_4474,26.0,5,381.0,0,30,3,906,0,1
6412,id_3098,23.0,6,487.0,0,18,7,796,0,1
6425,id_43787,45.0,2,521.0,0,4,7,810,2,1
6428,id_34377,59.0,7,194.0,0,17,1,978,0,1
6429,id_34285,50.0,3,621.0,1,10,7,804,1,1
6435,id_16258,45.0,10,2350.0,0,2,5,873,2,1
6439,id_9650,40.0,5,102.0,1,11,7,803,2,1
6441,id_2424,33.0,10,459.0,0,21,3,915,0,1
6449,id_41182,40.0,9,384.0,0,25,4,881,0,1
6457,id_29833,37.0,9,1183.0,1,25,8,758,0,1
6463,id_11032,69.0,7,4130.0,0,12,10,710,0,1
6474,id_2608,44.0,5,364.0,0,21,4,885,2,1
6481,id_39778,75.0,2,4988.0,0,28,3,908,2,1
6496,id_27746,42.0,10,174.0,1,17,3,919,3,1
6499,id_29718,26.0,10,183.0,0,31,9,722,0,1
6511,id_42027,78.0,7,245.0,0,27,9,726,0,1
6512,id_42516,18.0,4,98.0,0,10,6,835,0,1
6536,id_17642,27.0,11,375.0,0,19,1,976,0,1
6543,id_34157,45.0,2,709.0,0,5,10,717,0,1
6546,id_13718,50.0,11,294.0,0,17,3,919,0,1
6548,id_11408,53.0,11,1012.0,0,2,6,843,0,1
6580,id_31757,47.0,9,400.0,0,5,10,717,0,1
6597,id_14378,40.57547540983607,5,339.0,0,15,4,891,1,1
6628,id_12632,61.0,3,1532.0,0,14,3,922,0,1
6640,id_7900,29.0,8,245.0,0,17,5,858,0,1
6646,id_1308,33.0,10,493.0,0,12,2,955,2,1
6649,id_10901,49.0,9,1164.0,1,4,7,810,2,1
6661,id_10489,31.0,8,14384.0,1,20,10,702,0,1
6664,id_8674,54.0,10,259.0,0,5,5,870,2,1
6665,id_44328,54.0,3,980.0,0,28,5,847,3,1
6672,id_27406,33.0,10,718.0,1,6,3,930,2,1
6673,id_30689,49.0,11,3839.0,0,15,2,952,3,1
6684,id_11922,32.0,10,3292.0,0,8,9,745,1,1
6686,id_41226,30.0,10,1782.0,0,8,3,928,0,1
6699,id_19370,43.0,5,2678.0,0,30,6,815,0,1
6726,id_40264,50.0,10,1280.0,0,22,1,973,1,1
6739,id_30515,29.0,2,3292.0,0,23,2,944,2,1
6753,id_22499,60.0,10,1127.0,0,2,8,781,3,1
6764,id_11546,33.0,5,555.0,1,9,8,774,2,1
6815,id_23507,79.0,7,1418.0,0,26,2,941,0,1
6817,id_9260,59.0,8,2479.0,1,7,7,807,2,1
6819,id_27606,26.0,9,386.0,0,5,7,809,0,1
6843,id_32365,61.0,5,817.0,0,9,3,927,0,1
6851,id_11564,56.0,7,1579.0,0,21,10,701,2,1
6853,id_42289,38.0,8,8653.0,1,14,4,892,0,1
6874,id_8906,35.0,9,964.0,0,9,6,836,3,1
6877,id_9598,60.0,5,3735.0,0,22,2,945,2,1
6906,id_13401,54.0,9,2849.0,0,8,3,928,0,1
6907,id_11699,60.0,7,513.0,0,15,9,738,2,1
6908,id_17787,57.0,7,2203.0,0,22,1,973,1,1
6930,id_14362,37.0,11,991.0,1,14,4,892,2,1
6943,id_45035,55.0,3,5627.0,0,25,7,789,3,1
6945,id_31591,27.0,4,598.0,0,28,9,725,0,1
6953,id_22952,38.0,10,158.0,0,6,7,808,0,1
6960,id_17975,82.0,7,8603.0,0,22,9,731,2,1
6968,id_4004,29.0,10,355.0,0,21,3,915,0,1
6980,id_5965,61.0,7,205.0,0,16,10,706,2,1
6983,id_21694,48.0,10,469.0,0,16,9,737,2,1
6999,id_39799,80.0,7,992.0,0,29,9,724,3,1
7009,id_14572,44.0,9,3303.0,0,27,9,726,2,1
7024,id_17421,37.0,9,209.0,0,23,3,913,2,1
7053,id_31032,52.0,5,600.0,0,4,1,991,2,1
7057,id_24695,30.0,10,1380.9144538914322,0,18,1,977,0,1
7062,id_20814,56.0,10,1016.0,0,11,2,956,1,1
7068,id_9045,27.0,8,598.0,0,4,5,871,0,1
7072,id_42210,39.0,5,70.0,1,28,3,908,0,1
7077,id_4772,60.0,7,1854.0,0,10,7,804,2,1
7083,id_17649,21.0,11,2264.0,0,27,4,879,2,1
7090,id_12347,27.0,10,170.0,0,10,2,957,0,1
7108,id_3649,30.0,11,981.0,0,8,8,775,0,1
7119,id_36306,41.0,1,197.0,0,3,5,872,1,1
7122,id_7342,30.0,10,305.0,1,23,1,972,1,1
7124,id_11042,50.0,11,1945.0,0,19,9,734,2,1
7125,id_7056,30.0,10,2914.0,0,8,8,775,1,1
7133,id_7182,52.0,9,852.0,0,20,7,794,0,1
7138,id_29915,31.0,5,895.0,1,19,10,703,2,1
7148,id_1605,57.0,7,443.0,0,25,4,881,1,1
7155,id_39941,49.0,10,1096.0,1,12,0,1014,2,1
7158,id_25552,56.0,9,6572.0,1,10,10,712,0,1
7162,id_27705,27.0,0,6840.0,0,27,1,968,0,1
7171,id_6531,52.0,10,2817.0,0,3,1,992,0,1
7184,id_2092,43.0,9,921.0,0,5,7,809,0,1
7187,id_23526,46.0,3,399.0,0,2,3,934,0,1
7203,id_28134,83.0,3,1380.0,0,27,9,726,0,1
7222,id_40105,35.0,10,6810.0,0,21,9,732,2,1
7233,id_18758,31.0,4,1391.0,0,30,3,906,0,1
7234,id_33730,46.0,11,21.0,1,11,4,895,2,1
7236,id_2798,48.0,9,1360.0,0,17,3,919,0,1
7239,id_28959,44.0,2,3298.0,0,9,5,866,0,1
7244,id_13199,32.0,9,363.0,1,6,4,900,0,1
7255,id_17383,35.0,10,898.0,0,6,7,808,0,1
7257,id_38668,30.0,5,1593.0,0,9,8,774,2,1
7263,id_27526,20.0,4,3474.0,0,20,3,916,0,1
7269,id_34181,26.0,4,2501.0,0,26,1,969,0,1
7284,id_19106,45.0,10,0.0,0,15,8,768,1,1
7316,id_26450,21.0,4,-5.0,0,7,7,807,2,1
7346,id_7356,50.0,11,111.0,1,15,4,891,3,1
7355,id_40423,66.0,6,2333.0,0,9,1,986,2,1
7382,id_26701,24.0,9,1380.9144538914322,0,25,10,697,2,1
7399,id_5241,26.0,5,851.0,0,20,6,825,3,1
7434,id_14891,41.0,11,750.0,1,9,6,836,0,1
7451,id_26953,25.0,10,1090.0,1,8,8,775,0,1
7505,id_500,33.0,10,2671.0,1,19,10,703,2,1
7511,id_44672,72.0,7,2195.0,0,13,10,709,0,1
7554,id_40205,21.0,10,1505.0,0,9,2,958,0,1
7575,id_41765,25.0,11,1855.0,1,8,9,745,3,1
7578,id_33378,53.0,3,959.0,1,28,3,908,2,1
7586,id_15254,43.0,10,583.0,0,2,1,993,0,1
7612,id_20093,37.0,11,263.0,0,15,2,952,2,1
7626,id_28170,23.0,5,311.0,0,8,3,928,0,1
7633,id_15673,55.0,10,378.0,0,10,11,682,2,1
7653,id_31090,27.0,5,1866.0,0,8,8,775,2,1
7682,id_7108,24.0,4,432.0,0,19,7,795,2,1
7696,id_33765,29.0,9,2326.0,0,10,10,712,2,1
7701,id_35649,26.0,9,1061.0,0,15,3,921,0,1
7702,id_16747,51.0,1,1415.0,0,10,2,957,2,1
7708,id_44890,57.0,10,1528.0,1,18,10,704,0,1
7717,id_24505,38.0,8,7697.0,1,14,4,892,0,1
7730,id_37851,20.0,4,0.0,0,30,3,906,2,1
7732,id_35433,25.0,5,4742.0,0,12,4,894,2,1
7735,id_5959,52.0,3,2469.0,0,5,2,962,0,1
7742,id_12594,27.0,10,103.0,0,10,1,985,0,1
7746,id_38913,37.0,5,1537.0,1,21,10,701,0,1
7751,id_39390,31.0,4,2325.0,0,9,10,713,1,1
